"10.1"" Нетбук Irbis NB28 белый";7 499
"11.6"" Нетбук DEXP Navis M100 черный";7 999
"10.1"" Нетбук Irbis NB29 белый";9 499
"10.1"" Нетбук Irbis NB105 белый";9 999
"11.6"" Нетбук Prestigio Smartbook 116C белый";9 999
"11.6"" Нетбук Prestigio Smartbook 116C синий";9 999
"11.6"" Нетбук Prestigio Smartbook 116C черный";9 999
"14"" Нетбук Irbis NB60 серый";9 999
"11.6"" Нетбук Irbis NB34 белый";10 499
"14.1"" Нетбук Prestigio Smartbook 141С белый";11 999
"14.1"" Нетбук Prestigio Smartbook 141С синий";11 999
"14.1"" Нетбук Prestigio Smartbook 141С черный";11 999
"14"" Нетбук Irbis NB61 серебристый";12 499
"14"" Нетбук Irbis NB65 белый";12 999
"11.6"" Нетбук Lenovo IdeaPad 120S-11IAP серый";13 499
"14.1"" Ноутбук Prestigio Smartbook 141C2 серый";13 499
"13.3"" Нетбук Irbis NB137 синий";13 999
"14.1"" Ноутбук Prestigio Smartbook 141 C2 синий";13 999
"15.6"" Ноутбук ASUS VivoBook Max D541SA-XX453D черный";13 999
"15.6"" Ноутбук ASUS VivoBook Max D541NA-GQ527 черный";14 499
"13.3"" Нетбук DEXP Navis P100 серебристый";14 999
"13.3"" Нетбук DEXP Navis PX100 синий";14 999
"13.3"" Нетбук Irbis NB137S синий";14 999
"13.3"" Нетбук Prestigio Smartbook 133S коричневый";14 999
"14.1"" Ноутбук Prestigio Smartbook 141S коричневый";15 499
"15.6"" Ноутбук ASUS VivoBook Max D541NA-GQ316 черный";15 499
"15.6"" Ноутбук DELL Inspiron 3552-5010 черный";15 499
"11.6"" Нетбук Lenovo Yoga 330-11IGM серый";15 999
"14"" Ноутбук Lenovo IdeaPad 120S-14IAP серый";15 999
"15.6"" Ноутбук ASUS VivoBook X540YA-XO541D черный";15 999
"15.6"" Ноутбук ASUS VivoBook X540YA-XO688D серебристый";15 999
"15.6"" Ноутбук HP Notebook 15-ra068ur черный";15 999
"15.6"" Ноутбук ASUS VivoBookMax D540NA-GQ172 серый";16 499
"15.6"" Ноутбук Acer Aspire ES1-524-21RZ черный";16 499
"15.6"" Ноутбук HP 15-rb020ur черный";16 499
"13.3"" Нетбук Prestigio Visconte Ecliptica синий";16 999
"14"" Нетбук Irbis NB133 синий";16 999
"14.1"" Ноутбук Prestigio Smartbook 141 C2 синий";16 999
"15.6"" Ноутбук DELL Inspiron 3552-5003 черный";16 999
"15.6"" Ноутбук HP 250 G5 черный";16 999
"15.6"" Ноутбук Lenovo IdeaPad 330-15AST черный";16 999
"15.6"" Ноутбук HP 15-rb007ur черный";17 499
"15.6"" Ноутбук ASUS VivoBook 15 X505BA-EJ151 серый";17 799
"14"" Ноутбук Acer Aspire ES1-432-P2YS черный";17 999
"15.6"" Ноутбук ASUS VivoBookMax D540NA-GQ172T серый";17 999
"15.6"" Ноутбук Acer Aspire 3 A315-33-C9RA черный";17 999
"15.6"" Ноутбук Acer Extensa EX2519-C2T9 черный";17 999
"15.6"" Ноутбук DELL Inspiron 3552-0569 черный";17 999
"15.6"" Ноутбук HP 15-ac666ur черный";17 999
"15.6"" Ноутбук HP 15-ay593ur черный";17 999
"15.6"" Ноутбук HP Notebook 15-ra024ur черный";17 999
"15.6"" Ноутбук Lenovo IdeaPad 320-15AST черный";17 999
"15.6"" Ноутбук HP 15-rb008ur черный";18 299
"15.6"" Ноутбук HP 15-rb015ur черный";18 299
"15.6"" Ноутбук Acer Aspire ES1-533-P1UR черный";18 499
"15.6"" Ноутбук Acer Extensa EX2519-C1GU черный";18 499
"15.6"" Ноутбук HP Notebook 15-ra026ur черный";18 499
"11.6"" Нетбук HP Stream 11-y011ur синий";18 999
"11.6"" Нетбук HP Stream 11-y012ur фиолетовый";18 999
"11.6"" Нетбук HP Stream 11-y013ur белый";18 999
"14"" Ноутбук Acer Aspire ES1-422-256J черный";18 999
"15.6"" Ноутбук ASUS VivoBookMax D540NA-GQ173T черный";18 999
"15.6"" Ноутбук ASUS VivoBookMax D540NA-GQ174T черный";18 999
"15.6"" Ноутбук HP Notebook 15-ra050ur черный";18 999
"17.3"" Ноутбук Acer Aspire ES1-732-C1WD черный";18 999
"15.6"" Ноутбук ASUS VivoBook Max D541NA-GQ263T черный";19 499
"15.6"" Ноутбук HP 250 G6 серый";19 499
"15.6"" Ноутбук ASUS X507MA-EJ113 серый";19 799
"14"" Нетбук HP Stream 14-ax015ur синий";19 999
"14"" Нетбук HP Stream 14-ax016ur фиолетовый";19 999
"14"" Нетбук HP Stream 14-ax017ur белый";19 999
"14"" Нетбук HP Stream 14-ax018ur серый";19 999
"15.6"" Ноутбук ASUS VivoBook Max D541NA-GQ316T черный";19 999
"15.6"" Ноутбук HP 15-bw515ur синий";19 999
"15.6"" Ноутбук Lenovo IdeaPad 320-15AST черный";19 999
"15.6"" Ноутбук Acer Extensa EX2519-P7VE черный";20 499
"15.6"" Ноутбук HP 15-bw592ur черный";20 499
"15.6"" Ноутбук Lenovo IdeaPad 320-15AST черный";20 499
"17.3"" Ноутбук Acer Aspire ES1-732-C1LN черный";20 499
"15.6"" Ноутбук ASUS X541NA-GQ559 черный";20 799
"15.6"" Ноутбук Acer Aspire ES1-523-60LS черный";20 999
"15.6"" Ноутбук HP 15-ra069ur черный";20 999
"15.6"" Ноутбук HP 15-bw028ur серебристый";21 299
"15.6"" Ноутбук HP 15-rb011ur черный";21 299
"15.6"" Ноутбук ASUS VivoBookMax D540NA-GQ173T черный";21 499
"15.6"" Ноутбук ASUS VivoBook Max D541NA-GQ335T черный";21 499
"15.6"" Ноутбук Lenovo V110-15IAP черный";21 499
"11.6"" Ноутбук ASUS E203MA-FD004T серый";21 999
"11.6"" Ноутбук Asus E202SA-FD0037T красный";21 999
"15.6"" Ноутбук Acer Extensa EX2519-P0BD черный";21 999
"15.6"" Ноутбук Lenovo IdeaPad 330-15AST черный";21 999
"15.6"" Ноутбук Acer Aspire 3 A315-21G-44SU черный";22 499
"15.6"" Ноутбук HP 15-bw551ur черный";22 499
"15.6"" Ноутбук HP 15-bs650ur черный";22 799
"15.6"" Ноутбук ASUS K540BA-GQ058T черный";22 999
"15.6"" Ноутбук ASUS K540LA-XX1132 черный";22 999
"15.6"" Ноутбук ASUS X555BA-XO202T черный";22 999
"15.6"" Ноутбук HP 15-bs161ur черный";22 999
"15.6"" Ноутбук Lenovo IdeaPad 320-15AST черный";22 999
"15.6"" Ноутбук Lenovo IdeaPad 320-15IAP черный";22 999
"17.3"" Ноутбук ASUS X751NA-TY027 черный";22 999
"15.6"" Ноутбук HP 15-ra027ur черный";23 499
"15.6"" Ноутбук Lenovo Ideapad 320-15ISK черный";23 499
"15.6"" Ноутбук ASUS R541NA-GQ419T черный";23 799
"11.6"" Нетбук ASUS VivoBook Flip 12 TP203NA-BP073T черный";23 999
"14"" Ноутбук Acer Aspire ES1-431-P1GA черный";23 999
"15.6"" Ноутбук ASUS D540NV-GQ065T черный";23 999
"15.6"" Ноутбук HP 15-bw654ur черный";23 999
"15.6"" Ноутбук HP 15-bw655ur черный";23 999
"15.6"" Ноутбук Lenovo IdeaPad 320-15AST черный";23 999
"15.6"" Ноутбук Lenovo IdeaPad 330-15AST черный";23 999
"15.6"" Ноутбук Lenovo Ideapad 330-15IKB черный";23 999
"17.3"" Ноутбук HP 17-ak099ur черный";23 999
"14"" Ноутбук Acer Aspire ES1-422-692R черный";24 499
"17.3"" Ноутбук HP 17-ak029ur красный";24 499
"15.6"" Ноутбук Acer Aspire 3 A315-21G-64AA черный";24 799
"15.6"" Ноутбук Acer Packard Bell EasyNote ENTG81BA-P35J черный";24 799
"15.6"" Ноутбук HP 15-bs038ur серебристый";24 799
"15.6"" Ноутбук ASUS K540LA-XX1171 черный";24 999
"15.6"" Ноутбук ASUS R540NA-GQ221T черный";24 999
"15.6"" Ноутбук ASUS VivoBook F507LA-BR013 синий";24 999
"15.6"" Ноутбук Acer Aspire 3 A315-21G-69WG черный";24 999
"15.6"" Ноутбук HP 15-bs150ur черный";24 999
"15.6"" Ноутбук HP 15-bw090ur черный";24 999
"15.6"" Ноутбук HP 15-bw648ur черный";24 999
"15.6"" Ноутбук HP 15-bw660ur черный";24 999
"17.3"" Ноутбук ASUS K751NA-TY081 черный";24 999
"17.3"" Ноутбук HP 17-ak018ur черный";24 999
"17.3"" Ноутбук HP 17-ca0000ur черный";24 999
"15.6"" Ноутбук Lenovo IdeaPad 320-15AST серый";25 299
"14"" Ноутбук HP 14-bp006ur черный";25 499
"15.6"" Ноутбук Lenovo IdeaPad 320-15IAP черный";25 499
"17.3"" Ноутбук Acer Aspire ES1-732-P9CK черный";25 499
"15.6"" Ноутбук ASUS K540LA-XX1132T черный";25 999
"15.6"" Ноутбук ASUS VivoBook 15 X542BA-DM072T серый";25 999
"15.6"" Ноутбук ASUS VivoBook Max D541NA-GQ620T серебристый";25 999
"15.6"" Ноутбук HP 15-db0004ur черный";25 999
"15.6"" Ноутбук Lenovo IdeaPad 320-15IAP черный";25 999
"15.6"" Ноутбук Lenovo Ideapad 320-15ISK черный";25 999
"15.6"" Ноутбук Lenovo Ideapad 330-15ARR черный";25 999
"15.6"" Ноутбук Lenovo V110-15ISK черный";25 999
"17.3"" Ноутбук ASUS X751NA-TY001 черный";25 999
"17.3"" Ноутбук HP 17-ak011ur черный";25 999
"15.6"" Ноутбук Acer Aspire ES 15 ES1-572-321J черный";26 299
"17.3"" Ноутбук HP 17-bs007ur черный";26 299
"17.3"" Ноутбук Acer Aspire ES1-732-P2P8 черный";26 499
"17.3"" Ноутбук Acer Aspire ES1-732-P665 черный";26 499
"17.3"" Ноутбук HP 17-ak027ur серебристый";26 799
"15.6"" Ноутбук HP 15-bw644ur черный";26 999
"15.6"" Ноутбук Lenovo IdeaPad 320-15AST черный";26 999
"15.6"" Ноутбук Lenovo V130-15IGM серый";26 999
"15.6"" Ноутбук Lenovo Ideapad 320-15ISK черный";27 499
"17.3"" Ноутбук ASUS K751NA-TY081T черный";27 499
"14"" Ноутбук HP 14-bs014ur синий";27 799
"15.6"" Ноутбук Acer Aspire 3 A315-41-R4R7 черный";27 999
"15.6"" Ноутбук Lenovo IdeaPad 330-15AST черный";27 999
"15.6"" Ноутбук Lenovo IdeaPad 330-15IGM черный";27 999
"17.3"" Ноутбук HP 17-bs011ur черный";27 999
"17.3"" Ноутбук Lenovo IdeaPad 320-17AST серый";27 999
"15.6"" Ноутбук Acer A315-21G-64EZ черный";28 299
"15.6"" Ноутбук Lenovo IdeaPad 320-15IAP черный";28 499
"15.6"" Ноутбук HP 15-bs058ur синий";28 799
"15.6"" Ноутбук Lenovo IdeaPad V310-15ISK черный";28 799
"15.6"" Ноутбук ASUS VivoBook F507LA-BR013T синий";28 999
"15.6"" Ноутбук ASUS X540MB-GQ050T черный";28 999
"15.6"" Ноутбук HP 15-bw549ur серебристый";28 999
"15.6"" Ноутбук HP 15-bw661ur черный";28 999
"15.6"" Ноутбук Lenovo IdeaPad 320-15IAP черный";28 999
"17.3"" Ноутбук ASUS X751NV-TY012T черный";28 999
"17.3"" Ноутбук HP 17-ak056ur черный";28 999
"17.3"" Ноутбук Lenovo Ideapad 330-17AST черный";28 999
"11.6"" Нетбук HP Chromebook x360 11 G1 EE серый";29 299
"15.6"" Ноутбук Lenovo IdeaPad 330-15AST черный";29 299
"17.3"" Ноутбук ASUS X751NA-TY001T черный";29 299
"13.3"" Ноутбук Acer TravelMate TMP238-M-P96L черный";29 499
"15.6"" Ноутбук HP 250 G6 черный";29 499
"11.6"" Ультрабук Acer Spin 1 SP111-32N-P25R серый";29 999
"14"" Ноутбук ASUS VivoBook R420SA-EB102T серый";29 999
"14"" Ноутбук Lenovo YOGA 520-14IKB черный";29 999
"15.6"" Ноутбук Acer Aspire 3 A315-21G-99XE черный";29 999
"15.6"" Ноутбук Acer Aspire 3 A315-41G-R08D черный";29 999
"15.6"" Ноутбук Acer Aspire 3 A315-51-39C9 черный";29 999
"15.6"" Ноутбук DELL Inspiron 3567-1069 черный";29 999
"15.6"" Ноутбук HP 15-db0011ur черный";29 999
"17.3"" Ноутбук ASUS K751NV-TY028T черный";29 999
"17.3"" Ноутбук ASUS K751SV-TY019T черный";29 999
"17.3"" Ноутбук Acer Aspire ES1-732-P0A8 черный";29 999
"15.6"" Ноутбук HP 15-bs055ur золотистый";30 299
"15.6"" Ноутбук Acer A315-21G-97UQ черный";30 499
"15.6"" Ноутбук Acer Aspire ES 15 ES1-572-380R черный";30 499
"17.3"" Ноутбук ASUS K751NV-TY033T черный";30 499
"15.6"" Ноутбук ASUS VivoBook 15 X542BP-GQ003T серый";30 999
"15.6"" Ноутбук Dell Inspiron 5570-7765 серебристый";30 999
"15.6"" Ноутбук Dell Inspiron 5570-7772 белый";30 999
"15.6"" Ноутбук Acer Aspire 3 A315-41G-R2WR черный";31 499
"15.6"" Ноутбук Acer Aspire E5-523G-9225 черный";31 499
"17.3"" Ноутбук Acer Aspire ES1-732-P83B черный";31 499
"13.3"" Ультрабук Acer Swift 1 SF113-31-P6ZZ золотистый";31 999
"13.3"" Ультрабук Acer Swift 1 SF113-31-P9TV серый";31 999
"15.6"" Ноутбук Acer Aspire 3 A315-41G-R4GZ черный";31 999
"15.6"" Ноутбук HP 15-bs054ur серебристый";31 999
"15.6"" Ноутбук HP 15-bw083ur черный";31 999
"15.6"" Ноутбук HP 15-db0006ur черный";31 999
"15.6"" Ноутбук Lenovo V130-15IKB серый";31 999
"15.6"" Ноутбук Acer Aspire E5-575G-30TM черный";32 499
"15.6"" Ноутбук HP 15-bs028ur черный";32 499
"11.6"" Ноутбук HP Pavilion x360 11-k100ur серый";32 999
"15.6"" Ноутбук Acer Aspire 3 A315-41-R6AE черный";32 999
"15.6"" Ноутбук HP 15-bw550ur черный";32 999
"15.6"" Ноутбук HP 15-da0191ur черный";32 999
"15.6"" Ноутбук Lenovo IdeaPad 320-15ABR черный";32 999
"15.6"" Ноутбук Lenovo Ideapad 330S-15ARR серый";32 999
"17.3"" Ноутбук Lenovo Ideapad 330-17AST черный";32 999
"15.6"" Ноутбук Acer Extensa EX2540-56MP черный";33 299
"14"" Ноутбук HP 14-bp008ur черный";33 799
"15.6"" Ноутбук ASUS K540UB-GQ329T черный";33 999
"15.6"" Ноутбук ASUS K542UF-GQ364T серый";33 999
"15.6"" Ноутбук Acer Aspire E5-553G-T2EP черный";33 999
"15.6"" Ноутбук Acer Extensa EX2540-50DE черный";33 999
"15.6"" Ноутбук HP 15-bw647ur черный";33 999
"15.6"" Ноутбук Lenovo Ideapad 320-15ISK черный";33 999
"15.6"" Ноутбук Lenovo V110-15ISK черный";33 999
"17.3"" Ноутбук Lenovo IdeaPad 320-17ISK черный";34 499
"15.6"" Ноутбук HP 15-bw059ur черный";34 799
"17.3"" Ноутбук HP 17-bs020ur серебристый";34 799
"15.6"" Ноутбук Acer Aspire 5 A515-51G-396X черный";34 999
"15.6"" Ноутбук Acer TravelMate TMP259-MG-39WS черный";34 999
"15.6"" Ноутбук HP 15-bs077ur серый";34 999
"15.6"" Ноутбук HP 15-bw639ur золотистый";34 999
"15.6"" Ноутбук HP 15-bw662ur черный";34 999
"15.6"" Ноутбук HP 15-db0019ur черный";34 999
"15.6"" Ноутбук HP 15-bw663ur черный";35 499
"15.6"" Ноутбук Lenovo IdeaPad 320-15IKBA черный";35 499
"14"" Ноутбук DELL Inspiron 5468-9026 синий";35 799
"15.6"" Ноутбук Lenovo V110-15ISK черный";35 799
"15.6"" Ноутбук ASUS VivoBook Max X541UV-DM1470D черный";35 999
"15.6"" Ноутбук ASUS X407UA-EB018T серый";35 999
"15.6"" Ноутбук Acer Aspire 3 A315-53G-34ZT черный";35 999
"15.6"" Ноутбук Lenovo IdeaPad 320-15IKBR черный";35 999
"14"" Ультрабук Acer Swift 3 SF314-52-P5QB синий";36 499
"15.6"" Ноутбук Acer Aspire E5-523G-94YN черный";36 499
"15.6"" Ноутбук Lenovo IdeaPad 320-15IKBN серый";36 499
"15.6"" Ноутбук Lenovo IdeaPad V310-15IKB черный";36 499
"15.6"" Ноутбук HP ProBook 450 G5 серебристый";36 799
"15.6"" Ноутбук Acer Aspire 5 A515-51G-54UT черный";36 999
"15.6"" Ноутбук Acer Aspire 5 A515-51G-3892 черный";36 999
"15.6"" Ноутбук HP Pavilion 15-ab228ur серый";36 999
"15.6"" Ноутбук Lenovo IdeaPad 330S-15IKB серый";36 999
"15.6"" Ноутбук Acer Aspire E5-575G-55ZV черный";37 499
"13.3"" Ультрабук ASUS UX303UA-R4259T коричневый";37 999
"13.3"" Ультрабук ASUS Zenbook UX310UA-FC075T серый";37 999
"15.6"" Ноутбук Acer Aspire 5 A515-41G-19QM черный";37 999
"15.6"" Ноутбук Acer TravelMate TMP258-M-P3R4 черный";37 999
"15.6"" Ноутбук DELL Vostro 3568-7599 красный";37 999
"15.6"" Ноутбук HP 15-ac137ur серый";37 999
"15.6"" Ноутбук HP Pavilion 15-ab237ur серый";37 999
"15.6"" Ноутбук Lenovo IdeaPad 320-15IKB серый";37 999
"17.3"" Ноутбук Acer Aspire 5 A517-51G-31M6 черный";37 999
"17.3"" Ноутбук Acer Aspire 5 A517-51G-346G черный";37 999
"17.3"" Ноутбук HP 17-ak046ur черный";37 999
"14"" Ноутбук HP ProBook 440 G5 серебристый";38 299
"15.6"" Ноутбук ASUS F540UB-GQ120T черный";38 499
"15.6"" Ноутбук Acer Aspire E5-523G-91E8 черный";38 499
"14"" Ультрабук ASUS VivoBook S14 S406UA-BM159T серый";38 999
"15.6"" Ноутбук HP 15-da0156ur черный";38 999
"15.6"" Ноутбук Lenovo Ideapad 300-15ISK черный";38 999
"15.6"" Ноутбук Lenovo Ideapad 330-15IKBR черный";38 999
"17.3"" Ноутбук HP 17-ak045ur черный";38 999
"17.3"" Ноутбук Acer TravelMate TMP278-MG-30E2 черный";39 499
"15.6"" Ноутбук ASUS F542UF-GQ234T серый";39 999
"15.6"" Ноутбук ASUS X556UB коричневый";39 999
"15.6"" Ноутбук Acer Aspire 3 A315-41G-R6KL черный";39 999
"15.6"" Ноутбук Acer Aspire E5-553G-12HY черный";39 999
"15.6"" Ноутбук Lenovo Ideapad 330-15ARR черный";39 999
"13.3"" Ноутбук Lenovo E3180 черный";40 499
"14"" Ноутбук Lenovo Yoga 530-14IKB голубой";40 499
"14"" Ноутбук HP Pavilion x360 14-cd0000ur синий";40 999
"14"" Ноутбук HP Pavilion x360 14-cd0003ur серебристый";40 999
"15.6"" Ноутбук ASUS K542UF-GQ358T серый";40 999
"15.6"" Ноутбук Acer Aspire 5 A515-51G-599E черный";40 999
"15.6"" Ноутбук Lenovo IdeaPad 320-15IKBN черный";40 999
"15.6"" Ноутбук Lenovo Ideapad 330-15IKBR черный";40 999
"14"" Ноутбук HP Pavilion 14-bf022ur серебристый";41 999
"14"" Ноутбук HP Pavilion 14-bk004ur серебристый";41 999
"14"" Ноутбук HP Pavilion 14-ce0006ur серебристый";41 999
"14"" Ноутбук HP Pavilion 14-ce0007ur золотистый";41 999
"15.6"" Ноутбук ASUS A542UQ-DM387T серый";41 999
"15.6"" Ноутбук ASUS VivoBook 15 X542UA-DM370 серый";41 999
"15.6"" Ноутбук HP Pavilion Notebook 15-cw0001ur синий";41 999
"17.3"" Ноутбук Acer Aspire 5 A517-51G-32W2 черный";41 999
"17.3"" Ноутбук Lenovo Ideapad 330-17IKBR черный";41 999
"15.6"" Ноутбук HP 250 G6 серебристый";42 299
"15.6"" Ноутбук HP 15-da0017ur черный";42 499
"15.6"" Ноутбук Lenovo Ideapad 330S-15ARR серый";42 999
"13.3"" Ноутбук Acer TravelMate TMP238-M черный";44 499
"13.3"" Ультрабук ASUS Zenbook UX310UQ-FC203T серый";44 499
"15.6"" Ноутбук HP 250 G6 черный";44 499
"13.3"" Ультрабук ASUS Zenbook UX310UA-FC044T черный";44 799
"13.3"" Ноутбук HP ProBook 430 G5 серебристый";44 999
"13.3"" Ультрабук ASUS ZenBook UX310UQ-FC462T серебристый";44 999
"14"" Ноутбук HP 14-am001ur черный";44 999
"14"" Ультрабук ASUS ZenBook UX3410UA-GV417T серебристый";44 999
"14"" Ультрабук Acer Swift 3 SF314-54-31RY серый";44 999
"15.6"" Ноутбук Acer Aspire 5 A515-51G-52BX черный";44 999
"15.6"" Ноутбук Lenovo 720-15IKB серый";44 999
"15.6"" Ноутбук Lenovo IdeaPad 320-15IKB черный";44 999
"13.3"" Ноутбук DELL Inspiron 5378-8937 серый";45 999
"13.3"" Ультрабук ASUS Zenbook UX310UQ-GL474T серый";45 999
"14"" Ноутбук Lenovo Yoga 530-14IKB черный";45 999
"14"" Ультрабук ASUS VivoBook S14 S406UA-BM169T серый";45 999
"15.6"" Ноутбук ASUS F542UF-GQ233T серый";45 999
"15.6"" Ноутбук HP 250 G6 серебристый";45 999
"15.6"" Ноутбук HP ProBook 450 G5 серебристый";45 999
"15.6"" Ноутбук Lenovo Ideapad 330-15IKBR черный";45 999
"15.6"" Ноутбук Lenovo 720-15IKB серый";46 499
"17.3"" Ноутбук Acer Aspire 5 A517-51G-58KJ черный";46 499
"14"" Ноутбук HP ProBook 440 G4 серебристый";46 999
"14"" Ноутбук HP ProBook 640 G3 черный";46 999
"14"" Ноутбук HP ProBook 645 G3 черный";46 999
"15.6"" Ноутбук HP 15-ac628ur серебристый";46 999
"17.3"" Ноутбук Acer Aspire 5 A517-51G-56EZ черный";46 999
"15.6"" Ноутбук Dell Inspiron 5570-3929 черный";47 499
"13.3"" Ноутбук Lenovo IdeaPad 510S-13ISK белый";47 999
"15.6"" Ноутбук HP Pavilion 15-bc404ur черный";47 999
"15.6"" Ноутбук ASUS VivoBook 15 X542UN-DM134 серебристый";48 499
"14"" Ноутбук Dell Vostro 5471-4631 серебристый";48 799
"11.6"" Ноутбук Apple MacBook Air (MJVM2RU/A) серый";48 999
"13.3"" Ноутбук HP Envy 13-ad007ur золотистый";48 999
"13.3"" Ноутбук HP Pavilion x360 13-u000ur золотистый";48 999
"15.6"" Ноутбук HP ENVY x360  15-bq004ur серебристый";48 999
"15.6"" Ноутбук HP Pavilion 15-cc005ur золотистый";48 999
"15.6"" Ноутбук Lenovo V330-15IKB серый";48 999
"15.6"" Ноутбук Lenovo V330-15IKB серый";49 299
"15.6"" Ноутбук Dell Inspiron 5570-5380 черный";49 499
"13.3"" Ноутбук HP Envy 13-d106ur серебристый";49 999
"13.3"" Ультрабук ASUS UX303UA коричневый";49 999
"13.3"" Ультрабук Acer Aspire S 13  S5-371-59PM черный";49 999
"13.3"" Ультрабук HP ENVY 13-ah0001ur золотистый";49 999
"13.3"" Ультрабук HP ENVY x360 13-ag0000ur серебристый";49 999
"14"" Ноутбук HP EliteBook 745 G4 серебристый";49 999
"14"" Ноутбук HP Pavilion 14-bf033ur золотистый";49 999
"14"" Ультрабук ASUS Zenbook UX3400UQ-GV139T синий";49 999
"15.6"" Ноутбук Acer Aspire E5-576G-5755 черный";49 999
"15.6"" Ноутбук HP 15-bs103ur черный";49 999
"15.6"" Ноутбук HP Pavilion 15-bc408ur черный";49 999
"15.6"" Ноутбук Lenovo 720-15IKBR серый";49 999
"15.6"" Ноутбук Lenovo Ideapad 330-15ARR черный";49 999
"17.3"" Ноутбук HP 17-x001ur черный";49 999
"17.3"" Ноутбук Lenovo Ideapad 330-17IKBR серый";49 999
"13.3"" Ноутбук HP ProBook 430 G5 серебристый";50 499
"15.6"" Ноутбук HP ENVY x360  15-bq005ur серебристый";50 999
"15.6"" Ноутбук Lenovo 720-15IKB серый";50 999
"15.6"" Ноутбук Lenovo 720-15IKB серый";50 999
"17.3"" Ноутбук ASUS VivoBook Pro 17 N705UF-GC105T черный";50 999
"15.6"" Ноутбук HP 250 G6 серебристый";51 499
"13.3"" Ультрабук ASUS Zenbook UX310UA-FC1065T серый";51 999
"14"" Ноутбук HP Pavilion 14-ce0013ur серебристый";51 999
"15.6"" Ноутбук Acer Aspire 7 A715-71G-54ZY черный";51 999
"15.6"" Ноутбук HP Pavilion 15-bc409ur черный";51 999
"13.3"" Ноутбук HP ProBook 430 G5 серебристый";52 499
"14"" Ноутбук HP ProBook 440 G5 серебристый";52 499
"13.3"" Ноутбук HP Envy 13-ad006ur серебристый";52 999
"14"" Ноутбук Lenovo ThinkPad L470 черный";52 999
"15.6"" Ноутбук ASUS K550IK-DM043T черный";52 999
"15.6"" Ноутбук Dell Inspiron 5570-3936 черный";52 999
"15.6"" Ноутбук HP 250 G6 серый";52 999
"15.6"" Ноутбук HP ProBook 450 G5 серебристый";52 999
"15.6"" Ноутбук Lenovo Ideapad 510-15IKB белый";52 999
"17.3"" Ноутбук Acer E5-774G-7553 черный";52 999
"14"" Ноутбук ASUS VivoBook S14 S410UF-EB215T серый";53 499
"15.6"" Ноутбук Acer Aspire E 15 E5-576G-50NP черный";53 499
"13.3"" Ноутбук DELL Inspiron 5378-5041 серый";53 999
"13.3"" Ноутбук Lenovo ThinkPad 13 черный";53 999
"14"" Ультрабук ASUS Zenbook UX3400UQ-GV107T синий";53 999
"15.6"" Ноутбук ASUS FX503VD-E4234 черный";53 999
"15.6"" Ноутбук ASUS X560UD-EJ188T черный";53 999
"15.6"" Ноутбук Acer Aspire E5-575G-756N черный";53 999
"15.6"" Ноутбук Acer Nitro 5 AN515-31-584G черный";53 999
"15.6"" Ноутбук HP Pavilion 15-bc400ur черный";53 999
"15.6"" Ноутбук HP 15-bs106ur золотистый";54 499
"13.3"" Ноутбук HP Pavilion x360 13-s101ur серый";54 999
"13.3"" Ультрабук ASUS Zenbook UX310UQ-FC559T серый";54 999
"14"" Ноутбук HP 14-bp013ur черный";54 999
"14"" Ноутбук Lenovo 520S-14IKBR коричневый";54 999
"14"" Ноутбук Lenovo Yoga 530-14IKB голубой";54 999
"15.6"" Ноутбук ASUS TUF Gaming FX504GD-E4414 черный";54 999
"15.6"" Ноутбук ASUS VivoBook S15 S510UN-BQ408T синий";54 999
"15.6"" Ноутбук Lenovo Legion Y520-15IKBN черный";54 999
"17.3"" Ноутбук HP ProBook 470 G5 серебристый";54 999
"15.6"" Ноутбук Lenovo Legion Y520-15IKBN черный";55 499
"15.6"" Ноутбук ASUS VivoBook S530UF-BQ082T черный";55 999
"15.6"" Ноутбук Acer Nitro 5 AN515-41-1274 черный";55 999
"15.6"" Ноутбук HP 15-bs085ur золотистый";55 999
"15.6"" Ноутбук Lenovo IdeaPad 320-15IKBN черный";55 999
"17.3"" Ноутбук HP Pavilion 17-ab404ur черный";55 999
"17.3"" Ноутбук HP ProBook 470 G4 серый";55 999
"13.3"" Ноутбук HP Envy 13-ad008ur серебристый";56 990
"13.3"" Ноутбук HP Envy 13-ab005ur серебристый";56 999
"13.3"" Ноутбук HP Envy 13-ad009ur золотистый";56 999
"13.3"" Ноутбук HP Envy 13-ad011ur золотистый";56 999
"15.6"" Ноутбук HP OMEN 15-dc0019ur черный";56 999
"15.6"" Ноутбук HP Pavilion 15-bc401ur черный";56 999
"15.6"" Ноутбук HP Pavilion Power 15-cb014ur черный";56 999
"15.6"" Ноутбук MSI GE62 6QE Apache Pro 6QE-464XRU черный";56 999
"14"" Ноутбук HP Pavilion 14-bf104ur розовый";57 999
"15.6"" Ноутбук Acer Nitro 5 AN515-52-56Z7 черный";57 999
"15.6"" Ноутбук HP 250 G6 серый";57 999
"15.6"" Ноутбук HP Omen 15-ce006ur черный";57 999
"15.6"" Ноутбук Lenovo IdeaPad 320-15IKBRN черный";57 999
"15.6"" Ноутбук HP Pavilion 15-cc530ur красный";58 499
"14"" Ноутбук HP EliteBook 840 G4 серебристый";58 999
"14"" Ноутбук Lenovo 520S-14IKB золотистый";58 999
"15.6"" Ноутбук ASUS TUF Gaming FX504GD-E4069 черный";58 999
"15.6"" Ноутбук ASUS VivoBook K570UD-E4214T черный";58 999
"17.3"" Ноутбук ASUS X751LB черный";58 999
"12.5"" Ноутбук Lenovo ThinkPad A275 черный";59 499
"15.6"" Ноутбук HP Pavilion Power 15-cb007ur черный";59 499
"14"" Ноутбук Lenovo Yoga 530-14IKB серый";59 999
"14"" Ультрабук ASUS VivoBook S14 S410UN-EB085T серый";59 999
"14"" Ультрабук ASUS ZenBook UX430UA-GV259T синий";59 999
"14"" Ультрабук ASUS ZenBook UX430UA-GV372T розовый";59 999
"14"" Ультрабук Acer Swift 3 SF314-52G-56BF серый";59 999
"14"" Ультрабук Acer Swift 3 SF314-54G-51JP серебристый";59 999
"15.6"" Ноутбук ASUS TUF Gaming FX504GD-E4486T черный";59 999
"15.6"" Ноутбук ASUS TUF Gaming FX504GD-E4574 черный";59 999
"15.6"" Ноутбук ASUS VivoBook 15 X542UN-DM133T серебристый";59 999
"15.6"" Ноутбук Acer Nitro 5 AN515-42-R7GZ черный";59 999
"15.6"" Ноутбук HP EliteBook 755 G4 серебристый";59 999
"15.6"" Ноутбук HP Omen 15-ce014ur черный";59 999
"17.3"" Ноутбук HP Omen 17-w007ur черный";59 999
"17.3"" Ноутбук Lenovo IdeaPad 320-17IKBR черный";59 999
"13.3"" Ноутбук Dell Inspiron 5379-1870 серый";60 499
"15.6"" Ноутбук HP Omen 15-ce029ur черный";60 499
"14"" Ультрабук ASUS ZenBook UX430UA-GV265T серый";60 999
"14"" Ультрабук Acer Swift 3 SF314-52-5840 серебристый";60 999
"15.6"" Ноутбук Acer Nitro 5 AN515-51-52QC черный";60 999
"15.6"" Ноутбук HP Pavilion 15-au014ur красный";60 999
"15.6"" Ноутбук HP Pavilion 15-au018ur серый";60 999
"15.6"" Ноутбук HP Pavilion 15-au019ur черный";60 999
"15.6"" Ноутбук Lenovo IdeaPad 520-15IKB коричневый";60 999
"17.3"" Ноутбук HP Omen 17-an015ur черный";60 999
"14"" Ультрабук ASUS ZenBook UX430UA-GV505R серый";61 499
"15.6"" Ноутбук HP EliteBook 850 G3 серебристый";61 499
"15.6"" Ноутбук Lenovo Y520-15IKBA черный";61 499
"14"" Ноутбук HP 14-bp014ur белый";61 999
"15.6"" Ноутбук HP 15-bs112ur серый";61 999
"15.6"" Ноутбук HP OMEN 15-dc0020ur черный";61 999
"17.3"" Ноутбук HP Pavilion 17-ab413ur черный";61 999
"13.3"" Ноутбук Apple MacBook Air (MQD32RU/A) серебристый";62 499
"15.6"" Ноутбук ASUS VivoBook Pro N580GD-E4090 серый";62 499
"13.3"" Ноутбук HP Envy 13-ab009ur серебристый";62 999
"14"" Ультрабук Lenovo Yoga 510-14ISK белый";62 999
"15.6"" Ноутбук Dell G5 15 5587 G515-7305 красный";62 999
"17.3"" Ноутбук HP Omen 17-an107ur черный";62 999
"13.3"" Ноутбук Lenovo IdeaPad 710S-13ISK серебристый";63 999
"15.6"" Ноутбук HP Pavilion 15-cc102ur серебристый";63 999
"15.6"" Ноутбук MSI GV62 7RD-2071RU серый";63 999
"17.3"" Ноутбук MSI GV72 7RD-1223XRU серый";63 999
"13.3"" Ультрабук Lenovo IdeaPad 720S-13IKB серый";64 499
"12.5"" Ноутбук HP EliteBook 820 G4 серебристый";64 999
"13.3"" Ноутбук HP ProBook 430 G5 серебристый";64 999
"14"" Ноутбук Lenovo Yoga 530-14IKB голубой";64 999
"14"" Ультрабук ASUS ZenBook UX410UF-GV016T серый";64 999
"15.6"" Ноутбук ASUS FX553VE-FY431 черный";64 999
"15.6"" Ноутбук Acer Aspire 7 A715-71G-71S3 черный";64 999
"15.6"" Ноутбук HP OMEN 15-dc0000ur черный";64 999
"17.3"" Ноутбук MSI GV72 8RC-041XRU серый";64 999
"15.6"" Ноутбук HP Pavilion 15-cc505ur золотистый";65 499
"15.6"" Ноутбук Dell G3 15 3579 G315-7169 белый";65 999
"15.6"" Ноутбук HP EliteBook 850 G5 серебристый";65 999
"17.3"" Ноутбук HP Omen 17-an016ur черный";65 999
"17.3"" Ноутбук HP Pavilion 17-ab316ur черный";65 999
"17.3"" Ноутбук Lenovo IdeaPad 330-17ICH черный";65 999
"14"" Ноутбук HP ProBook 640 G2 черный";66 499
"15.6"" Ноутбук HP Pavilion Power 15-cb016ur черный";66 499
"17.3"" Ноутбук HP Pavilion 17-ab409ur черный";66 499
"13.3"" Ультрабук Lenovo IdeaPad 720S-13ARR серебристый";66 999
"15.6"" Ноутбук ASUS TUF Gaming FX504GD-E4039T черный";66 999
"15.6"" Ноутбук Acer Nitro 5 AN515-51-50GQ черный";66 999
"17.3"" Ноутбук ASUS VivoBook Pro 17 N705UD-GC004T серый";66 999
"17.3"" Ноутбук HP Pavilion 17-ab400ur черный";66 999
"17.3"" Ноутбук MSI GL72 7RD-273RU черный";66 999
"12.5"" Ноутбук HP EliteBook 820 G3 серебристый";67 999
"13.3"" Ультрабук ASUS ZenBook 13 UX331UA-EG003T синий";67 999
"15.6"" Ноутбук ASUS ROG GL553VD-FY073T черный";67 999
"15.6"" Ноутбук ASUS TUF Gaming FX504GD-E4367 черный";67 999
"15.6"" Ноутбук Dell G5 15 5587 G515-7312 черный";67 999
"15.6"" Ноутбук Dell G5 15 5587 G515-7329 красный";67 999
"15.6"" Ноутбук HP Pavilion Power 15-cb009ur черный";67 999
"15.6"" Ноутбук HP ProBook 450 G5 серебристый";67 999
"17.3"" Ноутбук HP Omen 17-an017ur черный";67 999
"14"" Ультрабук Acer Swift 3 SF314-52G-87DE серебристый";68 499
"15.6"" Ноутбук ASUS FX503VD-E4072T черный";68 499
"15.6"" Ноутбук HP ProBook 655 G3 черный";68 499
"13.3"" Ноутбук HP Spectre 13-v006ur черный";68 999
"13.3"" Ультрабук Acer Aspire S 13 S5-371-33RL черный";68 999
"15.6"" Ноутбук Acer Nitro 5 Spin NP515-51-551F черный";68 999
"15.6"" Ноутбук HP 15-bs086ur белый";68 999
"15.6"" Ноутбук MSI GV62 8RC-086RU черный";68 999
"17.3"" Ноутбук Acer Aspire 7 A717-71G-50FY черный";68 999
"17.3"" Ноутбук HP Omen 17-an101ur черный";68 999
"17.3"" Ноутбук MSI GV72 8RD-043XRU серый";68 999
"15.6"" Ноутбук ASUS VivoBook 15 X542UN-DM165T серый";69 499
"17.3"" Ноутбук MSI GV72 7RD-1222RU серый";69 499
"14"" Ноутбук HP EliteBook 840 G3 серебристый";69 999
"14"" Ультрабук Lenovo Yoga 710-14IKB черный";69 999
"15.6"" Ноутбук ASUS FX553VD-DM653T черный";69 999
"15.6"" Ноутбук Acer Nitro 5 AN515-52-54K5 черный";69 999
"15.6"" Ноутбук Lenovo Legion Y520-15IKBN черный";69 999
"17.3"" Ноутбук ASUS FX753VD-GC296T черный";69 999
"17.3"" Ноутбук ASUS VivoBook Pro 17 N705UD-GC072T серый";69 999
"17.3"" Ноутбук HP Omen 17-an006ur черный";69 999
"17.3"" Ноутбук HP Omen 17-w200ur черный";69 999
"17.3"" Ноутбук HP ProBook 470 G4 серый";69 999
"17.3"" Ноутбук MSI GS72 6QE-435XRU STEALTH PRO черный";69 999
"13.3"" Ноутбук HP EliteBook 830 G5 серебристый";70 499
"15.6"" Ноутбук ASUS ROG GL553VD-FY072T черный";70 999
"17.3"" Ноутбук HP ProBook 470 G5 серебристый";70 999
"15.6"" Ноутбук ASUS TUF Gaming FX504GD-E4575T черный";71 499
"13.3"" Ноутбук HP Envy 13-ab007ur серебристый";71 999
"13.3"" Ноутбук Lenovo YOGA 720-13IKB золотистый";71 999
"13.3"" Ультрабук ASUS ZenBook 13 UX331UN-EG006T синий";71 999
"13.3"" Ультрабук Acer Aspire S 13  S5-371-7270 черный";71 999
"15.6"" Ноутбук ASUS FX502VM-DM105T черный";71 999
"15.6"" Ноутбук ASUS FX503VD-E4178 черный";71 999
"15.6"" Ноутбук ASUS ROG Strix GL503VD-GZ368 черный";71 999
"15.6"" Ноутбук ASUS VivoBook Pro 15 N580VD-DM456T серый";71 999
"15.6"" Ноутбук ASUS VivoBook Pro N580GD-E4200 серый";71 999
"15.6"" Ноутбук HP Omen 15-ce009ur черный";71 999
"15.6"" Ноутбук MSI GP62 8RC-054XRU черный";71 999
"17.3"" Ноутбук HP Pavilion 17-ab406ur черный";71 999
"17.3"" Ноутбук MSI GP72 7RDX-485RU LEOPARD черный";72 499
"13.3"" Ноутбук Lenovo YOGA 720-13IKB серебристый";72 999
"14"" Ноутбук DELL Latitude 5470-9402 черный";72 999
"14"" Ультрабук Acer Swift 3 SF314-52G-844Y серебристый";72 999
"15.6"" Ноутбук ASUS TUF Gaming FX504GD-E4081T черный";72 999
"15.6"" Ноутбук HP Omen 15-ce013ur черный";72 999
"15.6"" Ноутбук HP Pavilion 15-cc536ur розовый";72 999
"15.6"" Ноутбук HP Pavilion Power 15-cb011ur черный";72 999
"17.3"" Ноутбук ASUS ROG Strix GL703VD-GC147 черный";72 999
"17.3"" Ноутбук HP Omen 17-an025ur черный";72 999
"17.3"" Ноутбук HP Pavilion 17-ab318ur черный";72 999
"17.3"" Ноутбук MSI GV72 8RC-040RU серый";72 999
"15.6"" Ноутбук Lenovo Yoga 730-15IKB серебристый";73 499
"13.3"" Ультрабук Lenovo IdeaPad 320S-13IKB серый";73 999
"17.3"" Ноутбук ASUS ROG Strix GL753VD-GC009 черный";73 999
"14"" Ноутбук Lenovo YOGA 520-14IKBR черный";74 499
"17.3"" Ноутбук MSI GP72 Leopard 7RD-254RU черный";74 499
"13.3"" Ноутбук Acer Aspire V 13 V3-372-70V9 белый";74 999
"13.3"" Ноутбук HP Spectre x360 13-4106ur черный";74 999
"13.3"" Ноутбук Lenovo IdeaPad 720S-13IKB серый";74 999
"13.3"" Ультрабук ASUS Zenbook UX305UA-FB004T черный";74 999
"14"" Ультрабук Acer Swift 3 SF314-52G-88KZ серебристый";74 999
"14"" Ультрабук Acer Swift 3 SF314-54-82RE красный";74 999
"14"" Ультрабук Acer Swift 3 SF314-54-87RS серый";74 999
"15.6"" Ноутбук ASUS FX553VE-DM201T черный";74 999
"15.6"" Ноутбук MSI GV62 7RD-1486RU серый";74 999
"15.6"" Ноутбук MSI GV62 7RD-2072RU серый";74 999
"17.3"" Ноутбук HP ProBook 470 G5 серый";74 999
"15.6"" Ноутбук MSI GL62M 7RDX-2677RU черный";75 499
"13.3"" Ноутбук HP Envy 13-ad103ur золотистый";75 999
"14"" Ноутбук Acer Aspire R 14 R5-471T-52ES черный";75 999
"15.6"" Ноутбук ASUS FX503VD-E4178T черный";75 999
"17.3"" Ноутбук ASUS FX753VD-GC096T черный";75 999
"17.3"" Ноутбук HP Pavilion 17-ab319ur черный";75 999
"13.3"" Ноутбук Acer Aspire R 13 R7-372T-55ZY черный";76 999
"13.3"" Ультрабук ASUS Zenbook UX330UA-FC313T серый";76 999
"15.6"" Ноутбук ASUS FX553VE-FY527T черный";76 999
"15.6"" Ноутбук HP ProBook 450 G5 серебристый";76 999
"14"" Ноутбук HP EliteBook 840 G5 серебристый";77 499
"15.6"" Ноутбук ASUS FX503VD-E4047T черный";77 499
"17.3"" Ноутбук HP Pavilion 17-ab320ur черный";77 499
"17.3"" Ноутбук MSI GL72M 7RDX-1488RU черный";77 499
"15.6"" Ноутбук Acer Nitro 5 AN515-51-70KK черный";77 999
"15.6"" Ноутбук Acer Nitro 5 AN515-52-785S черный";77 999
"15.6"" Ноутбук Dell G5 15 5587 G515-7428 красный";77 999
"15.6"" Ноутбук HP OMEN 15-dc0003ur черный";77 999
"15.6"" Ноутбук HP ZBook 15u G4 черный";77 999
"15.6"" Ноутбук MSI GP62M 7RDX-1002RU LEOPARD черный";77 999
"15.6"" Ноутбук MSi GP62 Leopard 7RD-463RU черный";77 999
"15.6"" Ноутбук Acer Predator Helios 300 PH315-51-50NL черный";78 499
"13.3"" Ноутбук HP ProBook 430 G5 серебристый";78 999
"13.3"" Ультрабук ASUS ZenBook Flip S UX370UA-C4059T серый";78 999
"17.3"" Ноутбук ASUS ROG STRIX GL702ZC-GC174T черный";78 999
"17.3"" Ноутбук HP Omen 17-an018ur черный";78 999
"15.6"" Ноутбук ASUS FX553VE-FY432T черный";79 499
"13.3"" Ноутбук Apple MacBook Air (MQD42RU/A) серебристый";79 999
"13.3"" Ультрабук ASUS ZenBook Flip S UX370UA-C4277T серый";79 999
"13.3"" Ультрабук Lenovo IdeaPad 720S-13ARR серебристый";79 999
"14"" Ультрабук Acer Swift 3 SF314-52G-89YH серебристый";79 999
"15.6"" Ноутбук ASUS ROG STRIX GL502VM-FY303 черный";79 999
"15.6"" Ноутбук ASUS TUF Gaming FX504GE-E4062T черный";79 999
"15.6"" Ноутбук ASUS ZenBook Flip UX561UN-BO011T серый";79 999
"15.6"" Ноутбук Acer Nitro 5 AN515-51-57SN черный";79 999
"15.6"" Ноутбук Lenovo YOGA 720-15IKB серебристый";79 999
"17.3"" Ноутбук ASUS ROG Strix GL753VD-GC279T черный";79 999
"17.3"" Ноутбук MSI GV72 7RE-862RU черный";79 999
"15.6"" Ноутбук ASUS ROG Strix GL553VE-FY468 черный";80 499
"15.6"" Ноутбук DELL Inspiron 7567-2400 черный";80 499
"13.3"" Ноутбук HP Spectre x360 13-4101ur серый";80 999
"14"" Ультрабук Acer Swift 3 SF314-54G-813E серебристый";81 499
"15.6"" Ноутбук ASUS ROG Strix Hero Edition GL503VD-GZ333T черный";81 499
"15.6"" Ноутбук ASUS VivoBook Pro N580GD-FI110 серый";81 499
"17.3"" Ноутбук Acer Predator Helios 300 PH317-52-7471 черный";81 499
"17.3"" Ноутбук ASUS FX753VD-GC073T черный";81 999
"12.5"" Ноутбук Lenovo ThinkPad X270 черный";82 999
"13.3"" Ультрабук Lenovo Yoga 900-13ISK2 оранжевый";82 999
"14"" Ноутбук Lenovo ThinkPad E480 черный";82 999
"14"" Ультрабук Acer Swift 5 SF514-52T-59EN золотистый";82 999
"15.6"" Ноутбук ASUS ROG Strix GL503VD-FY374T черный";82 999
"15.6"" Ноутбук Lenovo ThinkPad E580 черный";82 999
"17.3"" Ноутбук HP Omen 17-an041ur черный";82 999
"17.3"" Ноутбук HP Omen 17-an044ur черный";82 999
"17.3"" Ноутбук MSI GV72 8RD-042XRU серый";82 999
"12.5"" Ноутбук Lenovo ThinkPad X280 черный";84 999
"13.3"" Ультрабук ASUS ZenBook Flip S UX370UA-C4198T серый";84 999
"15.6"" Ноутбук ASUS ROG Strix GL503VD-GZ164T черный";84 999
"15.6"" Ноутбук HP Envy x360 15-cn0009ur черный";84 999
"15.6"" Ноутбук HP Omen 15-ce024ur черный";84 999
"17.3"" Ноутбук HP Pavilion 17-ab312ur черный";85 499
"15.6"" Ноутбук MSI GV62 8RE-034RU черный";85 999
"17.3"" Ноутбук HP Omen 17-an020ur черный";85 999
"13.3"" Ультрабук ASUS Zenbook UX301LA черный";86 499
"13.3"" Ноутбук HP EliteBook x360 1030 G2 серебристый";86 999
"14"" Ультрабук Lenovo IdeaPad 530S-14IKB голубой";86 999
"15.6"" Ноутбук Acer Nitro 5 AN515-51-71B5 черный";87 499
"12"" Ноутбук Apple MacBook (MNYF2RU/A) серый";87 999
"12"" Ноутбук Apple MacBook (MNYH2RU/A) серебристый";87 999
"12"" Ноутбук Apple MacBook (MNYK2RU/A) золотистый";87 999
"12"" Ноутбук Apple MacBook (MNYM2RU/A) розовый";87 999
"13.3"" Ноутбук DELL XPS 13 9360-9737 серый";87 999
"15.6"" Ноутбук HP OMEN 15-dc0005ur черный";87 999
"13.3"" Ультрабук Acer Aspire S 13  S5-371-70AF белый";88 499
"13.3"" Ультрабук Acer Aspire S 13  S5-371-70FD черный";88 499
"15.6"" Ноутбук MSI GL63 8RD-470XRU черный";88 499
"13.3"" Ноутбук Apple MacBook Pro Retina (MPXQ2RU/A) серый";88 999
"13.3"" Ноутбук Apple MacBook Pro Retina (MPXR2RU/A) серебристый";88 999
"14"" Ноутбук HP ProBook 640 G3 черный";88 999
"15.6"" Ноутбук ASUS FX502VM-DM549T черный";88 999
"15.6"" Ноутбук MSI GP62MVR Leopard Pro 6RF-240RU черный";88 999
"15.6"" Ноутбук Acer Predator Helios 300 PH315-51-50FH черный";89 499
"12.5"" Ультрабук Lenovo Yoga 900s-12ISK серебристый";89 999
"13.3"" Ультрабук Lenovo YOGA 720-13IKBR коричневый";89 999
"14"" Ноутбук HP EliteBook 840 G3 серебристый";89 999
"14"" Ноутбук HP ZBook 14u G4 черный";89 999
"15.6"" Ноутбук Acer Nitro 5 AN515-52-75XP черный";89 999
"15.6"" Ноутбук Acer Predator Helios 300 PH315-51-545M черный";89 999
"15.6"" Ноутбук Lenovo ThinkPad T570 черный";89 999
"15.6"" Ноутбук Lenovo ThinkPad T580 черный";89 999
"17.3"" Ноутбук HP ProBook 470 G5 серебристый";90 499
"14"" Ультрабук ASUS ZenBook UX430UA-GV282R серый";90 999
"17.3"" Ноутбук Acer Aspire V Nitro VN7-793G-54VS черный";90 999
"15.6"" Ноутбук ASUS ROG Strix GL503GE-EN173 черный";91 499
"17.3"" Ноутбук ASUS ROG Strix SCAR Edition GL703GE-GC168 черный";91 499
"14"" Ультрабук Acer Swift 5 SF514-51-79QB черный";92 499
"12.5"" Ноутбук HP EliteBook Folio G1 серый";92 999
"14"" Ультрабук ASUS AsusPro B9440UA-GV0443R серый";92 999
"15.6"" Ноутбук ASUS ZenBook Flip UX561UN-BO013R серый";92 999
"15.6"" Ноутбук ASUS TUF Gaming FX504GM-EN016 черный";93 499
"15.6"" Ноутбук MSI GP62 8RD-051RU World of Tanks Edition черный";93 499
"14"" Ультрабук ASUS ZenBook UX3400UA-GV539T серый";94 499
"17.3"" Ноутбук MSI GL72M 7REX-1489RU черный";94 499
"13.3"" Ноутбук Lenovo ThinkPad L380 черный";94 999
"14"" Ноутбук Acer Aspire R 14 R5-471T-76DT черный";94 999
"14"" Ноутбук HP EliteBook 840 G3 серебристый";94 999
"15.6"" Ноутбук Acer Predator G9-593-54LT черный";94 999
"17.3"" Ноутбук HP Omen 17-an027ur черный";94 999
"14"" Ультрабук ASUS ZenBook UX3400UA-GV540T золотистый";95 499
"15.6"" Ноутбук ASUS ROG Strix GL503GE-EN068T черный";95 999
"12.5"" Ноутбук HP EliteBook Folio G1 серый";96 999
"12.5"" Ультрабук Lenovo Yoga 900s-12ISK серебристый";96 999
"13.3"" Ноутбук Lenovo IdeaPad 720S-13IKB серый";96 999
"14"" Ноутбук MSI GS43VR 7RE-202XRU черный";96 999
"15.6"" Ноутбук ASUS TUF Gaming FX504GM-EN004T черный";96 999
"15.6"" Ноутбук Lenovo ThinkPad T580 черный";96 999
"17.3"" Ноутбук ASUS ROG Strix Scar Edition GL703GM-EE186 черный";96 999
"13.3"" Ноутбук Apple MacBook Air (Z0UV00099) серебристый";97 999
"13.3"" Ноутбук HP EliteBook 830 G5 серебристый";97 999
"13.3"" Ультрабук Lenovo IdeaPad 710S-13ISK золотистый";97 999
"17.3"" Ноутбук HP Omen 17-an039ur черный";97 999
"17.3"" Ноутбук MSI GP72VR 7RFX-477RU черный";97 999
"13.3"" Ноутбук HP Envy 13-ad108ur серебристый";98 999
"15.6"" Ноутбук Lenovo Legion Y530-15ICH черный";98 999
"15.6"" Ноутбук MSI GP62 8RD-050RU World of Tanks Edition черный";98 999
"12.5"" Ноутбук Lenovo ThinkPad X270 черный";99 999
"13.3"" Ноутбук Acer Aspire R 13 R7-372T-520Q черный";99 999
"13.3"" Ноутбук HP EliteBook 1030 G1 серый";99 999
"13.3"" Ноутбук Lenovo IdeaPad 720S-13IKB золотистый";99 999
"13.3"" Ноутбук Lenovo YOGA 720-13IKB коричневый";99 999
"13.3"" Ультрабук ASUS ZenBook 13 UX331UN-EG073T серый";99 999
"13.3"" Ультрабук HP Spectre x360 13-ae007ur серебристый";99 999
"13.9"" Ультрабук Lenovo Yoga 920-13IKB коричневый";99 999
"14"" Ноутбук HP EliteBook 1040 G3 серебристый";99 999
"14"" Ноутбук Lenovo ThinkPad T480 черный";99 999
"15.6"" Ноутбук Lenovo ThinkPad P51s черный";99 999
"12.5"" Ноутбук HP EliteBook Folio G1 серый";100 999
"13.3"" Ноутбук Lenovo ThinkPad Yoga 370 серебристый";100 999
"12"" Ноутбук Apple MacBook (Z0TX0001Y) серый";101 999
"12"" Ноутбук Apple MacBook (Z0U30005V) розовый";101 999
"15.6"" Ноутбук ASUS TUF Gaming FX504GM-EN037 черный";101 999
"15.6"" Ноутбук MSI GP63 8RE-469XRU черный";101 999
"14"" Ультрабук Acer Swift 5 SF514-52T-89RF золотистый";102 999
"12.5"" Ноутбук Lenovo ThinkPad X280 черный";103 999
"13.3"" Ноутбук Apple MacBook Air (Z0UV000AW) серебристый";103 999
"14"" Ноутбук Lenovo ThinkPad X1 Carbon 5 черный";103 999
"12.5"" Ультрабук ASUS ZenBook 3 UX390UA-GS073R синий";104 999
"12.5"" Ультрабук Lenovo Yoga 900s-12ISK серебристый";104 999
"13.3"" Ноутбук HP EliteBook 1030 G1 серый";104 999
"13.3"" Ноутбук HP Spectre 13-af002ur серый";104 999
"13.3"" Ультрабук HP Spectre x360 13-ae013ur золотистый";104 999
"14"" Ноутбук HP EliteBook 1040 G4 серый";104 999
"17.3"" Ноутбук ASUS ROG STRIX GL702VM-GC004T черный";104 999
"17.3"" Ноутбук ASUS ROG Strix Scar Edition GL703GM-EE183 черный";104 999
"17.3"" Ноутбук Acer Aspire 7 A717-72G-73KT черный";105 999
"12.5"" Ноутбук Lenovo ThinkPad X280 черный";106 999
"13.3"" Ноутбук Apple MacBook Pro Retina (MPXT2RU/A) серый";106 999
"13.3"" Ноутбук Apple MacBook Pro Retina (MPXU2RU/A) серебристый";106 999
"13.3"" Ноутбук HP Spectre 13-af007ur белый";107 999
"13.3"" Ультрабук DELL XPS 13 9365-6225 серебристый";107 999
"15.6"" Ультрабук ASUS ZenBook Pro UX550VE-BN109R черный";107 999
"13.3"" Ультрабук DELL XPS 13 9360-5556 серый";108 999
"12"" Ноутбук Apple MacBook (MNYG2RU/A) серый";109 999
"12"" Ноутбук Apple MacBook (MNYJ2RU/A) серебристый";109 999
"12"" Ноутбук Apple MacBook (MNYL2RU/A) золотистый";109 999
"12"" Ноутбук Apple MacBook (Z0U30001N) розовый";109 999
"13.3"" Ноутбук Acer Aspire R 13 R7-372T-797U черный";109 999
"13.3"" Ноутбук Apple MacBook Pro Retina (MLVP2RU/A) серебристый";109 999
"13.3"" Ноутбук Apple MacBook Pro Retina серебристый";109 999
"13.3"" Ноутбук HP EliteBook 1030 G1 серый";109 999
"13.3"" Ноутбук HP Spectre 13-af003ur серый";109 999
"13.3"" Ноутбук HP Spectre 13-v007ur черный";109 999
"13.3"" Ноутбук Lenovo ThinkPad X380 Yoga черный";109 999
"13.3"" Ультрабук HP Spectre x360 13-ae009ur серебристый";109 999
"13.3"" Ультрабук HP Spectre x360 13-ae010ur серебристый";109 999
"14"" Ноутбук Lenovo ThinkPad X1 Yoga 2 серебристый";109 999
"12"" Ноутбук Apple MacBook (MMGL2RU/A) розовый";110 999
"15.6"" Ультрабук ASUS ZenBook Pro 15 UX550GD-BN018R синий";110 999
"14"" Ультрабук Acer Swift 5 SF514-52T-84BM золотистый";111 999
"14"" Ультрабук HP EliteBook 1040 G4 серебристый";111 999
"17.3"" Ноутбук ASUS ROG Strix Scar Edition GL703GM-EE099T черный";111 999
"12"" Ноутбук Apple MacBook (Z0TX0005L) серый";113 999
"14"" Ноутбук Lenovo ThinkPad T480s черный";114 999
"15.6"" Ноутбук MSI GP63 8RE-468RU черный";115 999
"15.6"" Ноутбук MSI GE63 Raider RGB 8RE-211XRU черный";116 999
"14"" Ультрабук Lenovo ThinkPad X1 Carbon 6 черный";118 999
"15.6"" Ноутбук ASUS ROG Strix SCAR II GL504GM-ES254T черный";118 999
"13.3"" Ноутбук HP Spectre 13-af004ur серый";119 999
"15.6"" Ноутбук ASUS TUF Gaming FX504GM-EN022T черный";119 999
"12"" Ноутбук Apple MacBook (MJY42RU/A) серый";120 999
"13.9"" Ультрабук Lenovo Yoga 920-13IKB коричневый";121 999
"14"" Ноутбук HP EliteBook 1040 G3 серебристый";121 999
"14"" Ультрабук Acer Spin 7 SP714-51-M0RP черный";121 999
"13.3"" Ноутбук Apple MacBook Pro Retina TB (MPXV2RU/A) серый";122 999
"13.3"" Ноутбук Apple MacBook Pro Retina TB (MPXX2RU/A) серебристый";122 999
"13.3"" Ноутбук HP Spectre 13-af008ur белый";122 999
"17.3"" Ноутбук MSI GS73 7RE-028RU STEALTH PRO черный";122 999
"12.5"" Ноутбук Lenovo ThinkPad X260 черный";123 999
"13.3"" Ультрабук Acer Swift 7 SF713-51-M6WD золотистый";123 999
"12.5"" Ноутбук HP EliteBook Folio G1 серый";124 999
"13.3"" Ноутбук Apple MacBook Pro Retina (Z0UK00094) серый";124 999
"13.3"" Ноутбук Apple MacBook Pro Retina серебристый";124 999
"15.6"" Ноутбук ASUS ROG Strix SCAR II GL504GM-ES254T черный";124 999
"15.6"" Ноутбук Lenovo ThinkPad T570 черный";124 999
"17.3"" Ноутбук Acer Predator 17 X GX-791-72EE черный";124 999
"13.3"" Ультрабук ASUS ZenBook 13 UX331UN-EG053R серый";127 999
"15.6"" Ноутбук Alienware 15 R4 A15-7695 серебристый";127 999
"17.3"" Ноутбук ASUS ROG Strix Scar Edition GL703GM-E5211 черный";127 999
"13.3"" Ноутбук HP EliteBook 830 G5 серебристый";129 999
"13.3"" Ультрабук HP Spectre x360 13-ae014ur золотистый";129 999
"15.6"" Ноутбук MSI GE63 Raider RGB 8RE-210RU черный";131 999
"12"" Ноутбук Apple MacBook (Z0SR00033) золотистый";132 999
"12.5"" Ноутбук HP EliteBook Folio G1 серый";132 999
"12"" Ноутбук Apple MacBook (MLHC2RU/A) серебристый";134 999
"12"" Ноутбук Apple MacBook (MLHF2RU/A) золотистый";134 999
"12"" Ноутбук Apple MacBook (MMGM2RU/A) розовый";134 999
"13.3"" Ультрабук ASUS Zenbook 13 UX331UAL-EG066R синий";134 999
"15.6"" Ноутбук ASUS ROG STRIX GL502VS-GZ415T черный";134 999
"15.6"" Ноутбук MSI GS63 Stealth 8RE-021RU черный";134 999
"13.3"" Ноутбук Apple MacBook Pro Retina TB (MPXY2RU/A) серебристый";135 999
"15.6"" Ноутбук MSI GE63VR 7RF-207RU Raider черный";135 999
"12.5"" Ноутбук Lenovo ThinkPad X280 черный";137 999
"13.3"" Ноутбук Apple MacBook Pro Retina (Z0SW000EF) серый";138 999
"17.3"" Ноутбук Acer Predator G9-793-528A черный";138 999
"13.3"" Ноутбук Apple MacBook Pro Retina серебристый";139 999
"13.3"" Ноутбук HP EliteBook 1030 G1 серый";139 999
"15.6"" Ноутбук Alienware 15 R4 A15-7701 серебристый";139 999
"15.6"" Ноутбук MSI GE63 Raider RGB 8RF-209XRU черный";141 999
"13.3"" Ноутбук Apple MacBook Pro Retina TB серебристый";144 999
"13.3"" Ноутбук Apple MacBook Pro Retina TB серый";144 999
"17.3"" Ноутбук Acer Predator Helios 500 PH517-51-58LV черный";144 999
"15.6"" Ноутбук MSI WE63 8SI-224RU черный";145 999
"15.6"" Ноутбук ASUS ROG Strix SCAR II GL504GS-ES093 черный";146 999
"15.6"" Ноутбук ASUS ROG Zephyrus M GM501GM-EI008 черный";146 999
"13.3"" Ноутбук Apple MacBook Pro Retina TB серый";147 999
"14"" Ультрабук Acer Swift 7 SF714-51T-M3AH черный";148 999
"14"" Ноутбук Lenovo ThinkPad T480 черный";149 999
"14"" Ноутбук Panasonic Toughbook CF-54 серый";149 999
"15.6"" Ноутбук ASUS ROG Zephyrus M GM501GM-EI008T черный";150 999
"13.3"" Ноутбук Apple MacBook Pro Retina (Z0T200010) серебристый";152 999
"15.6"" Ноутбук MSI WE62 7RJ-1847RU черный";153 999
"13.3"" Ноутбук Apple MacBook Pro Retina TB серебристый";154 999
"13.3"" Ноутбук HP Spectre 13-af009ur белый";154 999
"13.3"" Ноутбук Apple MacBook Pro Retina (Z0TV000JN) серый";157 999
"15.6"" Ноутбук Lenovo ThinkPad T580 черный";158 999
"13.3"" Ноутбук Apple MacBook Pro Retina TB серебристый";159 999
"13.3"" Ноутбук Apple MacBook Pro Retina TB серый";159 999
"15.6"" Ноутбук Alienware 15 R4 15R4-7718 серебристый";163 999
"14"" Ноутбук Lenovo ThinkPad X1 Carbon 5 черный";164 999
"13.3"" Ноутбук Apple MacBook Pro Retina TB серебристый";168 999
"13.3"" Ноутбук Apple MacBook Pro Retina серебристый";171 999
"15.6"" Ноутбук ASUS ROG Zephyrus M GM501GS-EI007T черный";171 999
"13.3"" Ноутбук Apple MacBook Pro Retina (Z0TV000EV) серый";172 999
"13.3"" Ноутбук Apple MacBook Pro Retina (Z0UK000U7) серый";172 999
"13.3"" Ноутбук Apple MacBook Pro Retina (Z0TW000K3) серебристый";173 999
"15.6"" Ноутбук Alienware A15-2209 серебристый";173 999
"17.3"" Ноутбук MSI GS73VR 7RF-279RU черный";173 999
"17.3"" Ноутбук MSI GT73EVR 7RF-1014RU Titan Pro черный";173 999
"15.6"" Ноутбук ASUS ROG ZEPHYRUS GX501VS-GZ061T черный";174 999
"15.6"" Ноутбук Acer Predator Triton 700 PT715-51-78SU черный";174 999
"17.3"" Ноутбук ASUS ROG STRIX GL702VI-BA007T черный";174 999
"13.3"" Ноутбук Apple MacBook Pro Retina TB серый";177 999
"13.3"" Ноутбук Apple MacBook Pro Retina (Z0SY000EE) серебристый";179 999
"13.3"" Ноутбук Apple MacBook Pro Retina TB серебристый";179 999
"13.3"" Ноутбук Apple MacBook Pro Retina TB серебристый";179 999
"13.3"" Ноутбук Apple MacBook Pro Retina TB серый";179 999
"13.3"" Ноутбук Apple MacBook Pro Retina TB серый";179 999
"17.3"" Ноутбук HP OMEN X  17-ap002ur черный";179 999
"13.3"" Ноутбук Apple MacBook Pro Retina (Z0TV000XY) серый";181 999
"13.3"" Ноутбук Apple MacBook Pro Retina (Z0TW000HH) серебристый";181 999
"15.4"" Ноутбук Apple MacBook Pro Retina TB (MPTT2RU/A) серый";184 999
"15.6"" Ноутбук MSI GE63 Raider RGB 8RF-207RU черный";184 999
"17.3"" Ноутбук MSI GT73EVR 7RF-1015RU Titan Pro черный";184 999
"13.3"" Ноутбук Apple MacBook Pro Retina (Z0SW000EH) серый";186 999
"13.3"" Ноутбук Apple MacBook Pro Retina (Z0SY000ED) серебристый";186 999
"15.6"" Ноутбук Alienware 15 R4 A15-7749 серебристый";186 999
"13.3"" Ноутбук Apple MacBook Pro Retina TB серебристый";189 999
"13.3"" Ноутбук Apple MacBook Pro Retina TB серый";189 999
"15.4"" Ноутбук Apple MacBook Pro Retina (Z0T5000CS) серебристый";189 999
"13.3"" Ноутбук Apple MacBook Pro Retina серебристый";190 999
"15.6"" Ноутбук MSI GT63 Titan 8RG-001RU черный";190 999
"13.3"" Ноутбук Apple MacBook Pro Retina TB серебристый";191 999
"13.3"" Ноутбук Apple MacBook Pro Retina (Z0TV000TZ) серый";192 999
"17.3"" Ноутбук HP OMEN X  17-ap007ur черный";193 999
"15.4"" Ноутбук Apple MacBook Pro Retina TB (MR932RU/A) серый";194 999
"15.4"" Ноутбук Apple MacBook Pro Retina TB (MR962RU/A) серебристый";194 999
"13.3"" Ноутбук Apple MacBook Pro Retina TB серебристый";198 999
"15.4"" Ноутбук Apple MacBook Pro Retina TB серебристый";199 999
"17.3"" Ноутбук MSI GT73EVR 7RF-855RU Titan Pro черный";199 999
"13.3"" Ноутбук Apple MacBook Pro Retina (Z0TV000KD) серый";201 999
"13.3"" Ноутбук Apple MacBook Pro Retina TB серебристый";204 999
"13.3"" Ноутбук Apple MacBook Pro Retina TB серый";204 999
"13.3"" Ноутбук Apple MacBook Pro Retina (Z0TW00016) серебристый";207 999
"15.4"" Ноутбук Apple MacBook Pro Retina TB (Z0UB0002N) серый";207 999
"13.3"" Ноутбук Apple MacBook Pro Retina (Z0TV000HM) серый";208 999
"13.3"" Ноутбук Apple MacBook Pro Retina (Z0TV000NH) серый";209 999
"13.3"" Ноутбук Apple MacBook Pro Retina (Z0TW000K5) серебристый";209 999
"13.3"" Ноутбук Apple MacBook Pro Retina TB серебристый";209 999
"13.3"" Ноутбук Apple MacBook Pro Retina TB серый";209 999
"15.4"" Ноутбук Apple MacBook Pro Retina TB (Z0V0000SZ) серый";209 999
"17.3"" Ноутбук MSI GT72S Dominator Pro Dragon Edition 4K 6QF-088RU красный";209 999
"17.3"" Ноутбук HP OMEN X  17-ap008ur черный";214 999
"15.4"" Ноутбук Apple MacBook Pro Retina (Z0SG000JB) серый";218 999
"15.4"" Ноутбук Apple MacBook Pro Retina (Z0T5000HK) серебристый";219 999
"15.4"" Ноутбук Apple MacBook Pro Retina (Z0T6000BF) серебристый";222 999
"15.4"" Ноутбук Apple MacBook Pro Retina (Z0T6000G0) серебристый";222 999
"15.4"" Ноутбук Apple MacBook Pro Retina (Z0T5000HL) серебристый";223 999
"15.4"" Ноутбук Apple MacBook Pro Retina TB (MR942RU/A) серый";224 999
"15.4"" Ноутбук Apple MacBook Pro Retina TB (MR972RU/A) серебристый";224 999
"17.3"" Ноутбук MSI GT75 Titan 8RG-052RU черный";224 999
"17.3"" Ноутбук MSI WT72 6QJ-295RU черный";224 999
"17.3"" Ноутбук Alienware 15 R4 A17-7831 серебристый";225 999
"15.4"" Ноутбук Apple MacBook Pro Retina TB серебристый";227 999
"15.4"" Ноутбук Apple MacBook Pro Retina TB серебристый";227 999
"15.4"" Ноутбук Apple MacBook Pro Retina TB серебристый";227 999
"15.4"" Ноутбук Apple MacBook Pro Retina (Z0T5000HM) серебристый";229 999
"15.4"" Ноутбук Apple MacBook Pro Retina TB серебристый";234 999
"17.3"" Ноутбук ASUS ROG G752VS-GB496T серый";234 999
"15.4"" Ноутбук Apple MacBook Pro Retina (Z0T6000B3) серебристый";239 999
"15.4"" Ноутбук Apple MacBook Pro Retina (Z0T500018) серебристый";242 999
"15.4"" Ноутбук Apple MacBook Pro Retina TB серебристый";242 999
"17.3"" Ноутбук ASUS ROG Chimera G703GI-E5170T черный";242 999
"17.3"" Ноутбук MSI GT73VR 6RE-059RU TITAN черный";244 999
"17.3"" Ноутбук Acer Predator Helios 500 PH517-51-95Y8 черный";247 999
"15.4"" Ноутбук Apple MacBook Pro Retina (Z0T6000G1) серебристый";254 999
"17.3"" Ноутбук HP OMEN X  17-ap005ur черный";264 999
"15.4"" Ноутбук Apple MacBook Pro Retina (Z0T60000P) серебристый";269 999
"15.4"" Ноутбук Apple MacBook Pro Retina TB (Z0UB0002P) серый";269 999
"15.4"" Ноутбук Apple MacBook Pro Retina (Z0SH000V1) серый";279 999
"15.4"" Ноутбук Apple MacBook Pro Retina TB серебристый";279 999
"13.3"" Ноутбук Apple MacBook Pro Retina TB серебристый";284 999
"13.3"" Ноутбук Apple MacBook Pro Retina TB серый";284 999
"17.3"" Ноутбук HP OMEN X  17-ap006ur черный";284 999
"17.3"" Ноутбук MSI GT73VR 6RF-049RU TITAN PRO черный";284 999
"15.4"" Ноутбук Apple MacBook Pro Retina (Z0SG000UM) серый";289 999
"15.4"" Ноутбук Apple MacBook Pro Retina (Z0SH000V2) серый";289 999
"15.4"" Ноутбук Apple MacBook Pro Retina (Z0T6000G2) серебристый";289 999
"15.4"" Ноутбук Apple MacBook Pro Retina (Z0T60008W) серебристый";289 999
"15.4"" Ноутбук Apple MacBook Pro Retina (Z0T5000CE) серебристый";294 999
"15.4"" Ноутбук Apple MacBook Pro Retina TB (Z0UE0009G) серебристый";294 999
"15.4"" Ноутбук Apple MacBook Pro Retina (Z0SG00018) серый";299 999
"15.4"" Ноутбук Apple MacBook Pro Retina (Z0T5000HP) серебристый";299 999
"17.3"" Ноутбук MSI GT75 Titan 8RG-070RU черный";299 999
"17.3"" Ноутбук ASUS ROG G703VI-GB008T серый";314 999
"17.3"" Ноутбук MSI GT75 Titan 8RF-069RU черный";319 999
"15.4"" Ноутбук Apple MacBook Pro Retina TB серебристый";454 999
